File Name,Path
check_svn_files_1.0.scpt,/Users/anandihalli/Documents/Scripting/Apple scripts/checkSVN_style_2/check_svn_files_1.0.scpt
check_svn_files_CSV_style_2_v2.0.scpt,/Users/anandihalli/Documents/Scripting/Apple scripts/checkSVNfiles/check_svn_files_CSV_style_2_v2.0.scpt
check_svn_files_v1.0.scpt,/Users/anandihalli/Documents/Scripting/Apple scripts/checkSVNfiles/check_svn_files_v1.0.scpt
check_svn_files_v1.1.scpt,/Users/anandihalli/Documents/Scripting/Apple scripts/checkSVNfiles/check_svn_files_v1.1.scpt
copy_files_success.scpt,/Users/anandihalli/Documents/Scripting/Apple scripts/checkSVNfiles/copy_files_success.scpt
set to string.scpt,/Users/anandihalli/Documents/Scripting/Apple scripts/checkSVNfiles/set to string.scpt
SVN_anglofrench_files.txt,/Users/anandihalli/Documents/Scripting/Apple scripts/checkSVNfiles/SVN_anglofrench_files.txt
SVN_dreamworld_files.txt,/Users/anandihalli/Documents/Scripting/Apple scripts/checkSVNfiles/SVN_dreamworld_files.txt
copy from server advanced v2.scpt,/Users/anandihalli/Documents/Scripting/Apple scripts/Copy from server/copy from server advanced v2.scpt
copy from server advanced.scpt,/Users/anandihalli/Documents/Scripting/Apple scripts/Copy from server/copy from server advanced.scpt
copy from server Interactive.scpt,/Users/anandihalli/Documents/Scripting/Apple scripts/Copy from server/copy from server Interactive.scpt
copy from server regex.scpt,/Users/anandihalli/Documents/Scripting/Apple scripts/Copy from server/copy from server regex.scpt
copy from server.scpt,/Users/anandihalli/Documents/Scripting/Apple scripts/Copy from server/copy from server.scpt
copy_files_success.scpt,/Users/anandihalli/Documents/Scripting/Apple scripts/copy_files_success.scpt
copy_files_v2.scpt,/Users/anandihalli/Documents/Scripting/Apple scripts/copy_files_v2.scpt
Create filtered list.scpt,/Users/anandihalli/Documents/Scripting/Apple scripts/Create filtered list.scpt
Create_File_List copy.scpt,/Users/anandihalli/Documents/Scripting/Apple scripts/Create_File_List copy.scpt
Create_File_List_Success.scpt,/Users/anandihalli/Documents/Scripting/Apple scripts/Create_File_List_Success.scpt
Find Assets and copy folder from server v1.1.scpt,/Users/anandihalli/Documents/Scripting/Apple scripts/Find and copy assets Server/Find Assets and copy folder from server v1.1.scpt
Find Assets and copy folder from server v1.2.scpt,/Users/anandihalli/Documents/Scripting/Apple scripts/Find and copy assets Server/Find Assets and copy folder from server v1.2.scpt
Find Assets and copy from server v1 copy.scpt,/Users/anandihalli/Documents/Scripting/Apple scripts/Find and copy assets Server/Find Assets and copy from server v1 copy.scpt
Find Assets and copy from server v1.0.scpt,/Users/anandihalli/Documents/Scripting/Apple scripts/Find and copy assets Server/Find Assets and copy from server v1.0.scpt
Find Assets and copy from server v1.2.scpt,/Users/anandihalli/Documents/Scripting/Apple scripts/Find and copy assets Server/Find Assets and copy from server v1.2.scpt
Find Assets and copy from server v1.scpt,/Users/anandihalli/Documents/Scripting/Apple scripts/Find and copy assets Server/Find Assets and copy from server v1.scpt
Find Assets and copy from server v3.1.scpt,/Users/anandihalli/Documents/Scripting/Apple scripts/Find and copy assets Server/Find Assets and copy from server v3.1.scpt
Find Assets and copy from server v3.2.scpt,/Users/anandihalli/Documents/Scripting/Apple scripts/Find and copy assets Server/Find Assets and copy from server v3.2.scpt
Find Assets and copy from server v3.3.scpt,/Users/anandihalli/Documents/Scripting/Apple scripts/Find and copy assets Server/Find Assets and copy from server v3.3.scpt
temp.scpt,/Users/anandihalli/Documents/Scripting/Apple scripts/Find and copy assets Server/temp.scpt
List_files_structire_1.1.scpt,/Users/anandihalli/Documents/Scripting/Apple scripts/List of Files with their path/List_files_structire_1.1.scpt
List_files_structire_1.2.scpt,/Users/anandihalli/Documents/Scripting/Apple scripts/List of Files with their path/List_files_structire_1.2.scpt
List_files_structire_1.3.scpt,/Users/anandihalli/Documents/Scripting/Apple scripts/List of Files with their path/List_files_structire_1.3.scpt
List_files_structire_1.4.scpt,/Users/anandihalli/Documents/Scripting/Apple scripts/List of Files with their path/List_files_structire_1.4.scpt
test.scpt,/Users/anandihalli/Documents/Scripting/Apple scripts/List of Files with their path/test.scpt
Find Assets and Move from Local v1.1.scpt,/Users/anandihalli/Documents/Scripting/Apple scripts/Move From local folder/Find Assets and Move from Local v1.1.scpt
output.csv,/Users/anandihalli/Documents/Scripting/Apple scripts/output.csv
copy.scpt,/Users/anandihalli/Documents/Scripting/Apple scripts/test/copy.scpt
copy_files_v2.scpt,/Users/anandihalli/Documents/Scripting/Apple scripts/test/copy_files_v2.scpt
test 2,/Users/anandihalli/Documents/Scripting/Apple scripts/test/untitled folder/test 2
test.txt,/Users/anandihalli/Documents/Scripting/Apple scripts/test/untitled folder/test.txt
untitled,/Users/anandihalli/Documents/Scripting/Apple scripts/test/untitled folder/untitled
untitled 2,/Users/anandihalli/Documents/Scripting/Apple scripts/test/untitled folder/untitled 2
alphabetical_sorting.scpt,/Users/anandihalli/Documents/Scripting/Apple scripts/Utility scripts/alphabetical_sorting.scpt
create folder structure.scpt,/Users/anandihalli/Documents/Scripting/Apple scripts/Utility scripts/create folder structure.scpt
Create folder.scpt,/Users/anandihalli/Documents/Scripting/Apple scripts/Utility scripts/Create folder.scpt
create_text_File.scpt,/Users/anandihalli/Documents/Scripting/Apple scripts/Utility scripts/create_text_File.scpt
Looping script.scpt,/Users/anandihalli/Documents/Scripting/Apple scripts/Utility scripts/Looping script.scpt
MAC_OSX_PATH.scpt,/Users/anandihalli/Documents/Scripting/Apple scripts/Utility scripts/MAC_OSX_PATH.scpt
path of file.scpt,/Users/anandihalli/Documents/Scripting/Apple scripts/Utility scripts/path of file.scpt
read text file.scpt,/Users/anandihalli/Documents/Scripting/Apple scripts/Utility scripts/Read/read text file.scpt
read_text_3.scpt,/Users/anandihalli/Documents/Scripting/Apple scripts/Utility scripts/Read/read_text_3.scpt
read_text_file_1_success.scpt,/Users/anandihalli/Documents/Scripting/Apple scripts/Utility scripts/Read/read_text_file_1_success.scpt
read_textFile.scpt,/Users/anandihalli/Documents/Scripting/Apple scripts/Utility scripts/Read/read_textFile.scpt
read_CSV_report_check_downloaded.scpt,/Users/anandihalli/Documents/Scripting/Apple scripts/Utility scripts/read_CSV_report_check_downloaded.scpt
text_input.scpt,/Users/anandihalli/Documents/Scripting/Apple scripts/Utility scripts/text_input.scpt
tinify.scpt,/Users/anandihalli/Documents/Scripting/Apple scripts/Utility scripts/tinify.scpt
